address,price,lot_sqft,Zoning,sqft_per_unit,max_units,price_per_unit
11566  Dona Teresa,3400000,8218.0,RE15-1-H,15000.0,0.5478666666666666,6205890.0
8532  Adah Street,1179000,7875.0,Outside LA (No Zoning),0.0,,
22158  Elkwood Street,1349999,7613.0,RS-1,7500.0,1.0150666666666666,1329961.0
7343  Hannon St,999999,7336.0,Outside LA (No Zoning),0.0,,
2205  Starlight Lane,1550000,6276.0,Outside LA (No Zoning),0.0,,
7927  Zelzah,869999,6001.0,R1-1,5000.0,1.2002,724878.0
1646 E 41st,649000,5349.0,R2-1,5000.0,1.0698,606655.0
15302  Doty,1129000,5259.0,Outside LA (No Zoning),0.0,,
806 W Spruce,620000,3755.0,Outside LA (No Zoning),0.0,,
823 E 10th,899999,1664.0,Outside LA (No Zoning),0.0,,
3099  Mandeville Canyon Road,70000000,4878720.0,RE40-1-H,40000.0,121.968,573921.0
13103  Angeles Trail Way,945000,3590259.0,RD6-1XL,6000.0,598.3765,1579.0
13204  Alta Vista Way,880000,3589083.0,RD6-1XL,6000.0,598.1805,1471.0
415  Stunt Road,5395000,1618614.0,Outside LA (No Zoning),0.0,,
2930  Sweetwater Mesa Road,38000000,1538455.0,Outside LA (No Zoning),0.0,,
1165  Cherokee,799900,1495800.0,Outside LA (No Zoning),0.0,,
7282  Woodvale Court,1275000,1491352.0,Outside LA (No Zoning),0.0,,
13511  Mulholland Drive,2750000,1359715.0,RE40-1-H,40000.0,33.992875,80899.0
16321  Pacific Coast,1795000,883701.72,RE40-1-O,40000.0,22.092543,81249.0
9904  Kip Drive,79000000,860310.0,RE15-1-H-HCR,15000.0,57.354,1377410.0
2801  Woodwardia Drive,1860000,847362.0,RE15-1-H-RPD-HCR,15000.0,56.4908,32926.0
2790  Woodwardia Drive,2195000,847362.0,RE15-1-H-RPD-HCR,15000.0,56.4908,38856.0
12386  Ridge Circle,2695000,701943.0,Outside LA (No Zoning),0.0,,
1005  Bel Air Court,48985000,582944.0,RE20-1-H-HCR,20000.0,29.1472,1680607.0
18555  Fieldbrook Street,13800000,494769.0,Outside LA (No Zoning),0.0,,
10161  Foothill Boulevard,2295000,449631.0,A2-1-K,5000.0,89.9262,25521.0
22252 W ALTA Drive,2600000,440151.0,Outside LA (No Zoning),0.0,,
25043  Abercrombie Lane,6495000,435156.0,Outside LA (No Zoning),0.0,,
23000  Saddle Peak Road,4590000,405005.0,Outside LA (No Zoning),0.0,,
2880  Woodwardia Drive,2095000,404375.0,RE15-1-H-RPD-HCR,15000.0,26.958333333333332,77713.0
9145  La Tuna Canyon Road,5250000,395960.0,A2-1-K,5000.0,79.192,66295.0
10644  Bellagio Road,190000000,366118.0,RE40-1-HCR,40000.0,9.15295,20758335.0
23593  Park South Street,7995000,363457.0,Outside LA (No Zoning),0.0,,
17838  Little Tujunga Canyon Road,1575000,362804.0,Outside LA (No Zoning),0.0,,
1420  Davies Drive,69995000,339768.0,RE40-1-H-HCR,40000.0,8.4942,8240329.0
1420  Davies Drive,87000000,339768.0,RE40-1-H-HCR,40000.0,8.4942,10242283.0
4099  Mandeville Canyon Rd,7950000,338627.0,RE15-1-H,15000.0,22.575133333333333,352157.0
701  Greenleaf Canyon Road,3495000,321479.0,Outside LA (No Zoning),0.0,,
701  Greenleaf Canyon Road,4999999,321479.0,Outside LA (No Zoning),0.0,,
10275  Century Woods Drive,6495000,310463.0,R4-2-O,400.0,776.1575,8368.0
10288  Century Woods Drive,6895000,310341.0,R4-2-O,400.0,775.8525,8887.0
4  Poppy Trail,3998000,304332.0,Outside LA (No Zoning),0.0,,
2322  Canyonback Road,4495000,288553.0,RE40-1-H,40000.0,7.213825,623109.0
11270  Dominica Avenue,4850000,286532.0,A2-1-K,5000.0,57.3064,84633.0
12683  Promontory Road,3595000,268913.0,Outside LA (No Zoning),0.0,,
1261  Angelo Drive,175000000,262828.0,RE40-1-H-HCR,40000.0,6.5707,26633388.0
1420  Moraga Drive,13500000,261443.0,RE40-1-H-HCR,40000.0,6.536075,2065460.0
682  Deodar Lane,5980000,261289.0,Outside LA (No Zoning),0.0,,
301  Loma Metisse Road,5995000,251760.0,Outside LA (No Zoning),0.0,,
34  Crest,13800000,239120.0,Outside LA (No Zoning),0.0,,
2282  Canyonback Road,3149000,237867.0,RE40-1-H,40000.0,5.946675,529540.0
12833  Chalon Road,49500000,234088.0,RE40-1-H,40000.0,5.8522,8458358.0
2911  Antelo View Drive,35500000,233481.0,RE40-1-H-HCR,40000.0,5.837025,6081865.0
2121  Mckain Street,6250000,228870.0,Outside LA (No Zoning),0.0,,
2571  Wallingford Drive,52000000,226583.0,RE20-1-H-HCR,20000.0,11.32915,4589930.0
947 N Glendora Avenue,999999,5.166,Outside LA (No Zoning),0.0,,
99  Bliss Canyon Road,17990000,220881.0,Outside LA (No Zoning),0.0,,
1220  Hillcrest Avenue,22000000,217696.0,Outside LA (No Zoning),0.0,,
2241  Canyonback Road,2095000,213601.0,Outside LA (No Zoning),0.0,,
2205  Canyonback Road,3690000,213601.0,Outside LA (No Zoning),0.0,,
633  Norumbega Drive,1295000,212199.0,Outside LA (No Zoning),0.0,,
1714  Stone Canyon Road,17680000,207852.0,RE40-1-H-HCR,40000.0,5.1963,3402421.0
23244 W Paloma Blanca Drive,9247000,206931.0,Outside LA (No Zoning),0.0,,
12555  The Vista,1699000,204463.0,Outside LA (No Zoning),0.0,,
3121  Old Topanga Canyon Road,15000000,200699.0,Outside LA (No Zoning),0.0,,
2431  Benedict Canyon Drive,3695000,198865.0,RE40-1-H-HCR,40000.0,4.971625,743218.0
470  Layton Way,47000000,198737.0,RE20-1-H,20000.0,9.93685,4729869.0
21965  Saddle Peak Road,4295000,195354.0,Outside LA (No Zoning),0.0,,
26363  Pines Estates Drive,1350000,194954.0,Outside LA (No Zoning),0.0,,
11  Deodar Lane,17600000,193697.0,Outside LA (No Zoning),0.0,,
4535  Vanalden Avenue,19999000,193294.0,RA-1,17500.0,11.045371428571428,1810623.0
23614  Dry Canyon Cold Creek Rd,11495000,192693.0,Outside LA (No Zoning),0.0,,
2119  Shelburne Way,1380000,192018.0,Outside LA (No Zoning),0.0,,
2123  Shelburne Way,1458000,192018.0,Outside LA (No Zoning),0.0,,
7576  McGroarty Terrace,2800000,191644.0,RE40-1,40000.0,4.7911,584417.0
21801  Burbank Boulevard,780000,4.25,Outside LA (No Zoning),0.0,,
20580  Natoma Estates Drive,9995000,176569.0,RE40-1,40000.0,4.414225,2264271.0
26474  Ranch Creek Road,3150000,168881.0,Outside LA (No Zoning),0.0,,
1170 N Englewild Dr.,2988000,168577.0,Outside LA (No Zoning),0.0,,
9228  Ventana Lane,725000,166558.0,Outside LA (No Zoning),0.0,,
23575  Park South Street,6995000,162860.0,Outside LA (No Zoning),0.0,,
13126  Garden Land Road,6995000,160888.0,RE15-1-H,15000.0,10.725866666666667,652162.0
10066  Cielo Drive,49950000,156893.0,RE15-1-H-HCR,15000.0,10.459533333333333,4775548.0
1200 S Arroyo Boulevard,13950000,153412.0,Outside LA (No Zoning),0.0,,
2100  Stratford Circle,39900000,153347.0,A1-1-H-HCR,5000.0,30.6694,1300971.0
1187  Edinburgh Road,1880000,151458.0,Outside LA (No Zoning),0.0,,
16401  Mulholland Drive,19999999,151329.0,Outside LA (No Zoning),0.0,,
5340  WHITMAN Road,23750000,150084.0,Outside LA (No Zoning),0.0,,
8  Sea Cove Drive,8800000,148673.0,Outside LA (No Zoning),0.0,,
300 N San Rafael Avenue,20999999,147786.0,Outside LA (No Zoning),0.0,,
14300  Terra Bella Street,725009,145430.0,Outside LA (No Zoning),0.0,,
4303  Park Paloma,1350000,145288.0,Outside LA (No Zoning),0.0,,
4392  Park Paloma,1769000,145288.0,Outside LA (No Zoning),0.0,,
729  Bel Air Road,95000000,144829.0,RE20-1-H-HCR,20000.0,7.24145,13118920.0
1129  Via Mirabel,33088888,143392.0,Outside LA (No Zoning),0.0,,
238  Barranca Road,3480000,143057.0,Outside LA (No Zoning),0.0,,
1401  Bel Air Road,9999999,141900.0,A1-1-H-HCR,5000.0,28.38,352361.0
13623  Valerio Street,499999,141886.0,R3-1,800.0,177.3575,2819.0
2451  Summitridge Drive,20000000,3.24,RE40-1-H-HCR,40000.0,8.1e-05,246913580247.0
15210  Antelo Place,35998000,140136.0,RE40-1-H-HCR,40000.0,3.5034,10275161.0
12331  Carl Street,695000,3.21,R1-1-O-CUGU,5000.0,0.000642,1082554517.0
2445  Desire,7500000,138510.0,Outside LA (No Zoning),0.0,,
60  Crest Road,6000000,138212.0,Outside LA (No Zoning),0.0,,
1150  Stone Canyon Road,7995000,136674.0,A1-1-H-HCR,5000.0,27.3348,292484.0
21520  Burbank Boulevard,620000,135962.0,Outside LA (No Zoning),0.0,,
2175  Cold Canyon Road,3495000,135018.0,Outside LA (No Zoning),0.0,,
2654  Basil Lane,1995000,133378.0,RE15-1-H-RPD-HCR,15000.0,8.891866666666667,224362.0
11461  Riverwood Drive,1295000,132912.0,A2-1,5000.0,26.5824,48716.0
5207  SADDLE CREEK Road,13495000,130294.0,Outside LA (No Zoning),0.0,,
2859  Coldwater Canyon Drive,10495000,129277.0,RE20-1-HCR,20000.0,6.46385,1623645.0
17330  Magnolia Way,888000,129237.0,Outside LA (No Zoning),0.0,,
1603  Calle Cristina,3850000,2.908,Outside LA (No Zoning),0.0,,
774  Old Topanga Canyon Road,1499000,126109.0,Outside LA (No Zoning),0.0,,
10400  Mcbroom Street,2250000,122839.0,RA-1-K,17500.0,7.019371428571429,320542.0
2661  Angelo Drive,2595000,121641.0,RE15-1-H-RPD-HCR,15000.0,8.1094,319999.0
20374  Bickford,1950000,121368.0,Outside LA (No Zoning),0.0,,
24255  Bridle Trail Road,39995000,121105.0,Outside LA (No Zoning),0.0,,
1211  Linda Flora Drive,5650000,119811.0,RE20-1-H-HCR,20000.0,5.99055,943152.0
3740  Canyon Crest Road,3200000,119631.0,Outside LA (No Zoning),0.0,,
15721  Cobalt Street,795999,119053.0,Outside LA (No Zoning),0.0,,
12605  Kagel Canyon Road,2990000,119029.0,Outside LA (No Zoning),0.0,,
1210  Benedict Canyon Drive,75000000,117101.0,Outside LA (No Zoning),0.0,,
1210  Benedict Canyon Drive,100000000,117066.0,Outside LA (No Zoning),0.0,,
19016  Devonport Lane,5295000,116554.0,RA-1,17500.0,6.660228571428571,795018.0
188  Deodar Lane,19988000,116194.0,Outside LA (No Zoning),0.0,,
1005 N Alpine Drive,45000000,115748.0,Outside LA (No Zoning),0.0,,
9966  Beverly Grove Drive,77500000,114628.0,RE20-1-H-HCR,20000.0,5.7314,13522002.0
2  Pine Tree Lane,6499500,114608.0,Outside LA (No Zoning),0.0,,
2373  Tuna Canyon Road,2795000,113264.0,Outside LA (No Zoning),0.0,,
11037  Anzio Road,11495000,112912.0,RE40-1-H-HCR,40000.0,2.8228,4072198.0
5192  Parkway Calabasas,11500000,112651.0,Outside LA (No Zoning),0.0,,
2027 N Highland Avenue,6995000,111490.0,R2-1XL,5000.0,22.298,313705.0
3818  Hollyline Avenue,4995000,111327.0,RE40-1-H,40000.0,2.783175,1794713.0
18  Dovetail Lane,14800000,2.52,Outside LA (No Zoning),0.0,,
24341  Bridle Trail Road,8888000,109137.0,Outside LA (No Zoning),0.0,,
822 N Kenter,39995000,108900.0,RE40-1-H,40000.0,2.7225,14690542.0
61  Palm Hill Lane,26900000,108864.0,Outside LA (No Zoning),0.0,,
12705  Chalon Road,49500000,107686.0,RE40-1-H,40000.0,2.69215,18386791.0
5250  Scott Robertson Road,5700000,107254.0,Outside LA (No Zoning),0.0,,
1835  Royal Oaks Drive,2400000,107155.0,Outside LA (No Zoning),0.0,,
24341  ROLLING VIEW Road,25950000,2.45,Outside LA (No Zoning),0.0,,
2915  Tuna Canyon Road,4349000,106264.0,Outside LA (No Zoning),0.0,,
642  Siena Way,34750000,104311.0,RE40-1-H-HCR,40000.0,2.607775,13325536.0
1309  Davies Drive,49950000,103296.0,RE40-1-H-HCR,40000.0,2.5824,19342472.0
1101  Bel Air Place,55000000,101300.0,RE20-1-H-HCR,20000.0,5.065,10858835.0
7017  Senalda Road,15000000,100490.0,RE15-1-H-HCR,15000.0,6.699333333333334,2239029.0
999  Rosalind Road,13800000,99659.0,Outside LA (No Zoning),0.0,,
9173  Burnet Avenue,719000,99289.0,Outside LA (No Zoning),0.0,,
13621  FREEMONT Court,985000,98881.0,Outside LA (No Zoning),0.0,,
2340  Jupiter Drive,3498000,98185.0,RE15-1-H-HCR,15000.0,6.5456666666666665,534399.0
652  Robin Glen,6000000,97455.0,Outside LA (No Zoning),0.0,,
24753  Mulholland Highway,2995000,97241.0,Outside LA (No Zoning),0.0,,
15625  Warm Springs Drive,1100000,2.22,Outside LA (No Zoning),0.0,,
1939  Stradella Road,6250000,96618.0,RE15-1-H-HCR,15000.0,6.4412,970316.0
2945  Steeplechase Lane,4580000,95173.0,Outside LA (No Zoning),0.0,,
259  St Pierre Road,24997500,93311.0,RE20-1-HCR,20000.0,4.66555,5357889.0
15915  Foothill Boulevard,999995,93231.0,RD2-1,2000.0,46.6155,21452.0
4750  Encino Avenue,25888000,93036.0,RA-1,17500.0,5.316342857142857,4869513.0
100  Palm Hill Lane,28800000,92775.0,Outside LA (No Zoning),0.0,,
1951  Scarborough Lane,2397000,92668.0,Outside LA (No Zoning),0.0,,
255  El Cielo Lane,4380000,92144.0,Outside LA (No Zoning),0.0,,
1200  Bel Air Road,108888888,90688.0,RE40-1-H-HCR,40000.0,2.2672,48027915.0
165  Circle Drive,13580000,89256.0,Outside LA (No Zoning),0.0,,
24277  Dry Canyon Cold Creek Road,6699000,88834.0,Outside LA (No Zoning),0.0,,
190  Loma Metisse Road,2395000,88381.0,Outside LA (No Zoning),0.0,,
13775  Glenoaks Boulevard,560000,88176.0,Outside LA (No Zoning),0.0,,
16402  Placerita Canyon Road,769000,87915.0,Outside LA (No Zoning),0.0,,
45  Crest Road,5500000,87774.0,Outside LA (No Zoning),0.0,,
9669  Oak Pass Road,20888000,87120.0,RE20-1-H-HCR,20000.0,4.356,4795225.0
5077  Schumacher Road,3750000,87031.0,Outside LA (No Zoning),0.0,,
410  Trousdale Place,64995000,86611.0,Outside LA (No Zoning),0.0,,
175  Mount Olive Drive,2550000,86343.0,Outside LA (No Zoning),0.0,,
13  Buggy Whip Drive,7500000,85956.0,Outside LA (No Zoning),0.0,,
9425  Gierson Avenue,2250000,85326.0,RA-1,17500.0,4.875771428571428,461465.0
707  Rockwood Road,10000000,84762.0,Outside LA (No Zoning),0.0,,
57  Saddleback Road,6400000,84743.0,Outside LA (No Zoning),0.0,,
684  Firth Ave,39995000,84000.0,RE15-1-H,15000.0,5.6,7141964.0
15515 W Sunset Boulevard,1095000,83040.0,Outside LA (No Zoning),0.0,,
16187  Royal Oak Road,32999995,82764.0,RE15-1-H,15000.0,5.5176,5980860.0
1460  Moraga Drive,12995000,82529.0,RE40-1-H-HCR,40000.0,2.063225,6298392.0
2266  Cold Canyon Road,2799000,82486.0,Outside LA (No Zoning),0.0,,
13717  Deane Lane,697500,82277.0,Outside LA (No Zoning),0.0,,
107  Delfern Drive,59500000,81968.0,RE40-1-HCR,40000.0,2.0492,29035721.0
10934  Bellagio Road,14995000,81817.0,RE20-1-H-HCR,20000.0,4.09085,3665497.0
2158  Topanga Skyline Drive,1499000,81756.0,Outside LA (No Zoning),0.0,,
22068  Topanga School Road,3950000,80341.0,Outside LA (No Zoning),0.0,,
6099 S Seabluff Drive,2899999,80202.0,Outside LA (No Zoning),0.0,,
13241  Riviera Ranch Road,17995000,79057.0,RE20-1-H,20000.0,3.95285,4552412.0
9999  Wornom Avenue,1799999,78792.0,RE40-1-K,40000.0,1.9698,913798.0
1550  Amalfi Drive,36995000,78298.0,RE15-1-H,15000.0,5.219866666666666,7087346.0
3268  Serra Road,8950000,77976.0,Outside LA (No Zoning),0.0,,
200  Fern Drive,4639000,77673.0,Outside LA (No Zoning),0.0,,
24105  HIDDEN RIDGE Road,30900000,77188.0,Outside LA (No Zoning),0.0,,
1785  Summitridge Drive,22000000,76733.0,RE40-1-H-HCR,40000.0,1.918325,11468338.0
2113  Stoney Hill Road,4995000,75134.0,Outside LA (No Zoning),0.0,,
4347  Canyon View Lane,4395000,75120.0,Outside LA (No Zoning),0.0,,
20  Cinchring Road,4450000,74582.0,Outside LA (No Zoning),0.0,,
9694  Oak Pass Road,21800000,74244.0,RE20-1-H-HCR,20000.0,3.7122,5872528.0
677 N Faring Road,42950000,74052.0,RE20-1-HCR,20000.0,3.7026,11599957.0
235  St Pierre Road,18495000,73632.0,RE20-1-HCR,20000.0,3.6816,5023631.0
50  Eastfield Drive,6000000,73586.0,Outside LA (No Zoning),0.0,,
1289  Old Topanga Canyon Road,1849000,73373.0,Outside LA (No Zoning),0.0,,
6600  Sea Cove,8800000,72466.0,Outside LA (No Zoning),0.0,,
10936  Chalon Road,120000000,72073.0,RE20-1-H-HCR,20000.0,3.60365,33299571.0
6030  Seabluff Drive,1499000,71401.0,Outside LA (No Zoning),0.0,,
920 S Spring Meadow Drive,1980000,1.638,Outside LA (No Zoning),0.0,,
649 W Gladstone Street,3200000,70205.0,Outside LA (No Zoning),0.0,,
375  Berkshire Avenue,8950000,69979.0,Outside LA (No Zoning),0.0,,
1520  Bonnell Drive,3999000,68349.0,Outside LA (No Zoning),0.0,,
8  Quail Ridge Road,2500000,68033.0,Outside LA (No Zoning),0.0,,
820 N Verano Drive,4495000,67597.0,Outside LA (No Zoning),0.0,,
515  Ocean Avenue,2599000,67427.0,Outside LA (No Zoning),0.0,,
1141  Maroney Lane,14500000,67276.0,RE11-1,11000.0,6.116,2370831.0
24024  Long Valley Road,7250000,67018.0,Outside LA (No Zoning),0.0,,
2828  Water Course Drive,5380000,66917.0,Outside LA (No Zoning),0.0,,
10509  Vestone Way,12495000,66481.0,RE20-1-H-HCR,20000.0,3.32405,3758969.0
1793 N Beverly Glen Boulevard,1399000,66388.0,RE15-1-HCR,15000.0,4.425866666666667,316096.0
1412  Lower Paseo La Cresta,9900000,66139.0,Outside LA (No Zoning),0.0,,
12003  Briarvale Lane,12000000,65735.0,RE15-1-H,15000.0,4.382333333333333,2738267.0
1117 N Beverly Drive,19995000,65691.0,Outside LA (No Zoning),0.0,,
940  Paseo La Cresta,6799000,65479.0,Outside LA (No Zoning),0.0,,
2521  Novato Place,6880000,65179.0,Outside LA (No Zoning),0.0,,
22702  Timbertop,2938000,64330.0,Outside LA (No Zoning),0.0,,
2235  Villa Heights Road,2995000,64236.0,Outside LA (No Zoning),0.0,,
19536  Wells Drive,3995000,64119.0,RA-1,17500.0,3.663942857142857,1090355.0
18  Woodlyn Lane,1780000,64047.0,Outside LA (No Zoning),0.0,,
9991  Liebe Drive,5995000,63880.0,RE40-1-H-HCR,40000.0,1.597,3753914.0
107  Fremont Place,19850000,63878.0,RE20-1,20000.0,3.1939,6214972.0
3405  Fryman Road,42000000,63716.0,RE40-1-H,40000.0,1.5929,26367004.0
2360  Oakleaf Canyon Road,2480000,63654.0,Outside LA (No Zoning),0.0,,
2666  Aberdeen Avenue,9295000,63168.0,RE11-1,11000.0,5.742545454545454,1618620.0
570 S Mapleton Drive,49500000,62981.0,RE40-1,40000.0,1.574525,31438053.0
1436  La Riata Drive,2288800,62923.0,Outside LA (No Zoning),0.0,,
1438  Elin Point Drive,1599000,62596.0,Outside LA (No Zoning),0.0,,
248 N Glenroy Avenue,9999990,62499.0,RE20-1-H-HCR,20000.0,3.12495,3200048.0
20827 E Mesarica Road,3182800,62486.0,Outside LA (No Zoning),0.0,,
26251  Ravenhill Road,2152000,62457.0,Outside LA (No Zoning),0.0,,
3439  Dorothy Road,2995000,62364.0,Outside LA (No Zoning),0.0,,
307  San Pascual Avenue,3450000,1.43,Outside LA (No Zoning),0.0,,
11522  Cararra,779700,62029.0,Outside LA (No Zoning),0.0,,
2611  Steeplechase Lane,5280000,61952.0,Outside LA (No Zoning),0.0,,
2855  Oak Knoll Drive,8498000,61952.0,Outside LA (No Zoning),0.0,,
318 N Terrace View Drive,2498000,61869.0,Outside LA (No Zoning),0.0,,
21766  Azurelee Drive,5395000,61808.0,Outside LA (No Zoning),0.0,,
3110  Benedict Canyon Drive,6250000,61390.0,RE40-1-H-HCR,40000.0,1.53475,4072324.0
525  Spoleto Drive,39500000,61327.0,RE11-1,11000.0,5.575181818181818,7084971.0
24044  LONG VALLEY Road,24775000,60910.0,Outside LA (No Zoning),0.0,,
25323  Bayside Place,730000,60076.0,Outside LA (No Zoning),0.0,,
20896  Oak View Court,3100000,59929.0,Outside LA (No Zoning),0.0,,
8494  Cole Crest Drive,3500000,59864.0,R1-1-HCR,5000.0,11.9728,292329.0
14035  Aubrey Road,19995000,59031.0,RE15-1-H,15000.0,3.9354,5080805.0
10555  Art Street,2995000,58905.0,RA-1-K,17500.0,3.366,889780.0
1129  Tower Road,42000000,58654.0,Outside LA (No Zoning),0.0,,
1445  Via Cresta,11995000,58307.0,RE40-1-H,40000.0,1.457675,8228858.0
9951  Liebe Drive,29995000,58105.0,RE40-1-H-HCR,40000.0,1.452625,20648825.0
2576  Benedict Canyon Drive,7000000,57666.0,RE40-1-H-HCR,40000.0,1.44165,4855547.0
1016 N Hillcrest Road,35000000,57652.0,Outside LA (No Zoning),0.0,,
506  Dorothea Road,2689000,57369.0,Outside LA (No Zoning),0.0,,
3011  Mountain Park Drive,4455000,57258.0,Outside LA (No Zoning),0.0,,
1871  Marcheeta Place,8800000,57022.0,RE15-1-H-HCR,15000.0,3.8014666666666668,2314896.0
24172  Lupin Hill Road,17995000,56694.0,Outside LA (No Zoning),0.0,,
200 S Mapleton Drive,61500000,56600.0,RE40-1,40000.0,1.415,43462898.0
17727  Merridy Street,1050000,56594.0,Outside LA (No Zoning),0.0,,
3860  Kingswood Road,4125000,56579.0,RE40-1-H,40000.0,1.414475,2916276.0
4418  Woodley Avenue,3200000,56522.0,RE15-1-H,15000.0,3.768133333333333,849227.0
1809  Melhill Way,6100000,56393.0,RE40-1-H,40000.0,1.409825,4326778.0
9935  Kip Drive,20998000,56154.0,RE15-1-H-HCR,15000.0,3.7436,5609039.0
1921  Bel Air Road,8300000,55605.0,RE20-1-H-HCR,20000.0,2.78025,2985343.0
20786  Cool Oak Way,11000000,55495.0,Outside LA (No Zoning),0.0,,
9  Middleridge Lane,3675000,55403.0,Outside LA (No Zoning),0.0,,
410 N Angelina Drive,3995000,55321.0,Outside LA (No Zoning),0.0,,
71  Marguerite Drive,9999999,55111.0,Outside LA (No Zoning),0.0,,
5558  Hoback Glen Road,6350000,55080.0,Outside LA (No Zoning),0.0,,
1006 N Crescent Drive,36950000,55056.0,Outside LA (No Zoning),0.0,,
7  Oakmont Drive,15995000,54946.0,RE40-1-H,40000.0,1.37365,11644160.0
1177  Loma Linda Drive,23750000,54773.0,Outside LA (No Zoning),0.0,,
11779  Dronfield Avenue,1999500,54450.0,R1-1-CUGU,5000.0,10.89,183609.0
1573  Nabal Road,3780000,54291.0,Outside LA (No Zoning),0.0,,
935  Hillcrest Place,9800000,54268.0,Outside LA (No Zoning),0.0,,
10790  Bellagio Road,37500000,54146.0,RE20-1-H-HCR,20000.0,2.7073,13851439.0
1648  Summitridge Drive,4995000,53966.0,RE40-1-H-HCR,40000.0,1.34915,3702331.0
481 W Highland Avenue,4382000,53963.0,Outside LA (No Zoning),0.0,,
2600  Mandeville Canyon Road,13695000,53551.0,RE15-1-H,15000.0,3.5700666666666665,3836063.0
950 S Spring Meadow Drive,1950000,53346.0,Outside LA (No Zoning),0.0,,
933  New Depot,660000,53323.0,Outside LA (No Zoning),0.0,,
607  Siena Way,177000000,53220.0,RE40-1-H-HCR,40000.0,1.3305,133032694.0
11628  Lerdo Avenue,1995000,53200.0,RE40-1-K,40000.0,1.33,1500000.0
9716  Oak Pass Road,8800000,53153.0,RE40-1-H-HCR,40000.0,1.328825,6622392.0
22536  Ridge Line Road,2999000,52956.0,Outside LA (No Zoning),0.0,,
1842 N Crescent Heights Boulevard,5500000,52865.0,RE9-1-HCR,9000.0,5.873888888888889,936347.0
11968  Brentridge Drive,40000000,52293.0,RE40-1-H,40000.0,1.307325,30596829.0
3616  Kensley Drive,919000,52200.0,Outside LA (No Zoning),0.0,,
3501  Laurel Canyon Boulevard,4995000,52170.0,RE15-1-H,15000.0,3.478,1436170.0
21338  Colina Drive,2995000,51812.0,Outside LA (No Zoning),0.0,,
2442  Banyan Drive,11450000,51799.0,RE40-1-H,40000.0,1.294975,8841870.0
891  Crescent Drive,2619500,51728.0,Outside LA (No Zoning),0.0,,
14820  Las Tunas Drive,2500000,51367.0,Outside LA (No Zoning),0.0,,
2  Chuckwagon Road,2600000,50838.0,Outside LA (No Zoning),0.0,,
3535 E Cortez,2490000,50660.0,Outside LA (No Zoning),0.0,,
8530  Vine Valley,1950000,50588.0,RA-1,17500.0,2.890742857142857,674567.0
2180  Stradella Road,16495000,50539.0,A1-1-H-HCR,5000.0,10.1078,1631908.0
1000  Bel Air Road,11999000,50497.0,RE40-1-H-HCR,40000.0,1.262425,9504723.0
1445  Darlene Drive,2100000,50247.0,Outside LA (No Zoning),0.0,,
1010 N Rexford Drive,34900000,50143.0,Outside LA (No Zoning),0.0,,
1006 N Rexford Drive,34900000,49915.0,Outside LA (No Zoning),0.0,,
22456  Carbon Mesa Road,5990000,49839.0,Outside LA (No Zoning),0.0,,
500  Georgian Road,5700000,49702.0,Outside LA (No Zoning),0.0,,
1462  Lemon Ave,2395000,1.14,Outside LA (No Zoning),0.0,,
25242  Prado Del Grandioso,15999000,49535.0,Outside LA (No Zoning),0.0,,
12923  Bluff Creek Drive,1950000,49503.0,Outside LA (No Zoning),0.0,,
3350  Stoneridge Lane,22000000,49445.0,RE15-1-H,15000.0,3.296333333333333,6674082.0
11060  Vanda Way,1150000,49404.0,RE40-1-K,40000.0,1.2351,931099.0
87  Dapplegray Lane,2895000,49337.0,Outside LA (No Zoning),0.0,,
2562  Steeplechase Lane,1750000,49104.0,Outside LA (No Zoning),0.0,,
11040  Renaissance Drive,1880000,49092.0,R1-1,5000.0,9.8184,191477.0
1822  Westridge Road,12995000,49039.0,RE20-1-H,20000.0,2.45195,5299863.0
870  Fallen Leaf Road,12888000,48943.0,Outside LA (No Zoning),0.0,,
1140  Calle Vista Drive,26000000,48799.0,Outside LA (No Zoning),0.0,,
3300  Palos Verdes Drive,13880000,48696.0,Outside LA (No Zoning),0.0,,
9362  Nightingale Drive,22995000,48276.0,RE15-1-H-HCR,15000.0,3.2184,7144855.0
702  Via La Cuesta,8790000,48095.0,Outside LA (No Zoning),0.0,,
133 S Mapleton Drive,59900000,48074.0,RE40-1,40000.0,1.20185,49839830.0
9338  Hazen Drive,4995000,47754.0,RE15-1-H-HCR,15000.0,3.1836,1568979.0
766  Paseo Miramar,39000000,47689.0,RE15-1-H,15000.0,3.1792666666666665,12266980.0
1000  Stradella Road,6450000,47680.0,RE40-1-H-HCR,40000.0,1.192,5411074.0
9577  Lime Orchard Road,13995000,47645.0,RE20-1-HCR,20000.0,2.38225,5874698.0
407  Robert Lane,26800000,47503.0,Outside LA (No Zoning),0.0,,
225  Powderhorn Ranch Road,4275000,47261.0,Outside LA (No Zoning),0.0,,
24798  Brown Latigo,2850000,47180.0,Outside LA (No Zoning),0.0,,
2980  Hollyridge Drive,5995000,47150.0,R1-1-HCR,5000.0,9.43,635737.0
20600 E Via Verde Street,2800000,47111.0,Outside LA (No Zoning),0.0,,
24537  Dry Canyon Cold Creek Road,3490000,47048.0,Outside LA (No Zoning),0.0,,
2135  Ardsheal Drive,2290000,46691.0,Outside LA (No Zoning),0.0,,
23615  Long Valley Road,19989000,46627.0,Outside LA (No Zoning),0.0,,
44  Sea Cove Drive,9800000,46497.0,Outside LA (No Zoning),0.0,,
18625  Wells Drive,5295000,46366.0,RA-1,17500.0,2.6494857142857144,1998501.0
17121  Rancho Street,5999999,46348.0,RA-1,17500.0,2.648457142857143,2265470.0
22800  Beckledge Terrace,7750000,46244.0,Outside LA (No Zoning),0.0,,
24153  Long Valley Road,6785000,46226.0,Outside LA (No Zoning),0.0,,
327  Delfern Drive,22500000,46174.0,RE40-1-HCR,40000.0,1.15435,19491489.0
2677  Wagon Train Lane,3200000,46157.0,Outside LA (No Zoning),0.0,,
3364  Clerendon Road,19500000,46057.0,RE15-1-H,15000.0,3.0704666666666665,6350826.0
3662  Sweetwater Canyon Drive,6950000,45934.0,Outside LA (No Zoning),0.0,,
533 E Sierra Madre Avenue,3650000,45821.0,Outside LA (No Zoning),0.0,,
2481  Summitridge Drive,13495000,45738.0,RE40-1-H-HCR,40000.0,1.14345,11802003.0
9658  Wheatland Avenue,1699999,45727.0,RE40-1-K,40000.0,1.143175,1487086.0
1258 E Elmwood Avenue,3750000,45718.0,Outside LA (No Zoning),0.0,,
24764 W Saddle Peak Road,1295000,45508.0,Outside LA (No Zoning),0.0,,
833  Silver Valley Trail,4388888,45472.0,Outside LA (No Zoning),0.0,,
15232  Foothill Boulevard,650000,45434.0,Outside LA (No Zoning),0.0,,
3643  Hampstead Road,3295000,1.043,Outside LA (No Zoning),0.0,,
1911 N BEVERLY Drive,2595000,45385.0,RE40-1-H-HCR,40000.0,1.134625,2287099.0
3415  Sweetwater Mesa Road,29925000,45119.0,Outside LA (No Zoning),0.0,,
2370  Live Oak Meadows Road,1600000,45097.0,Outside LA (No Zoning),0.0,,
765 N Tigertail Road,7975000,45052.0,RA-1,17500.0,2.5744,3097809.0
11287  Chalon Road,7950000,45000.0,RE20-1-H-HCR,20000.0,2.25,3533333.0
20  Saddle,2399999,1.03,Outside LA (No Zoning),0.0,,
20456  Holcroft Drive,3300000,1.03,Outside LA (No Zoning),0.0,,
22189  Rim Fire Lane,4280000,44826.0,Outside LA (No Zoning),0.0,,
2365  Old Topanga Canyon Road,1699000,44776.0,Outside LA (No Zoning),0.0,,
4854  Encino Avenue,6999000,44733.0,RA-1,17500.0,2.5561714285714285,2738079.0
4430  Rosebank Drive,3000000,44648.0,Outside LA (No Zoning),0.0,,
2  Seahurst Road,1798000,44622.0,Outside LA (No Zoning),0.0,,
980  Glencoe Heights,1550000,44605.0,Outside LA (No Zoning),0.0,,
1944  Chandos,1499000,44604.0,Outside LA (No Zoning),0.0,,
367  Monterey Pines Drive,6359900,44556.0,Outside LA (No Zoning),0.0,,
16032  VALLEY VISTA Boulevard,8999000,44501.0,RE15-1-H,15000.0,2.9667333333333334,3033303.0
1051  Oak Canyon Lane,3998000,44274.0,Outside LA (No Zoning),0.0,,
7  Cinchring Road,4150000,44272.0,Outside LA (No Zoning),0.0,,
53  Marguerite Drive,8750000,43900.0,Outside LA (No Zoning),0.0,,
1740  Bel Air Road,16250000,43841.0,RE40-1-HCR,40000.0,1.096025,14826304.0
14667  Tyler Street,2999900,43785.0,RA-1-K,17500.0,2.502,1199001.0
948  Bel Air Road,29950000,43732.0,RE40-1-H-HCR,40000.0,1.0933,27394128.0
3372  Longridge Terrace,3750000,43693.0,RE15-1-H,15000.0,2.9128666666666665,1287392.0
1737 N Beverly Drive,3495000,43639.0,RE15-1-H-HCR,15000.0,2.9092666666666664,1201334.0
3734  Longridge Avenue,6495000,43601.0,RE40-1-H,40000.0,1.090025,5958579.0
1245  Oliva,799000,1.0,Outside LA (No Zoning),0.0,,
225  Grand Avenue,12500000,1.0,Outside LA (No Zoning),0.0,,
21227  Colina Drive,2550000,43560.0,Outside LA (No Zoning),0.0,,
1639  Oak Drive,1295000,43560.0,Outside LA (No Zoning),0.0,,
859  Woodacres Road,110000000,43497.0,Outside LA (No Zoning),0.0,,
2382  Live Oak Meadows Road,3238000,43488.0,Outside LA (No Zoning),0.0,,
5520  Owensmouth Avenue,435000,43479.0,Outside LA (No Zoning),0.0,,
196  Granville Avenue,9995000,43411.0,RS-1,7500.0,5.788133333333334,1726809.0
2216  Turnbull Canyon Road,2199888,43407.0,Outside LA (No Zoning),0.0,,
2350  Benedict Canyon Drive,2895000,43383.0,RE15-1-H-HCR,15000.0,2.8922,1000968.0
13355  Mulholland Drive,7995000,43175.0,RE40-1-H,40000.0,1.079375,7407064.0
659 E Channel Road,13400000,43096.0,RE20-1,20000.0,2.1548,6218675.0
1707  San Vicente Boulevard,15995000,43093.0,Outside LA (No Zoning),0.0,,
171  Canada Sombre Road,1420000,43039.0,Outside LA (No Zoning),0.0,,
491 N Tigertail Road,29950000,42931.0,RA-1,17500.0,2.4532,12208544.0
849  San Vicente Road,2420000,42869.0,Outside LA (No Zoning),0.0,,
1118  Calle Vista Drive,29995000,42859.0,Outside LA (No Zoning),0.0,,
430  Robert Lane,18995000,42807.0,Outside LA (No Zoning),0.0,,
16145  High Valley Place,5185000,42806.0,RE15-1-H,15000.0,2.8537333333333335,1816918.0
19519  Greenwillow Lane,1450000,42796.0,Outside LA (No Zoning),0.0,,
1620  El Travesia,2380000,42639.0,Outside LA (No Zoning),0.0,,
9996  Sunset Boulevard,13975000,42550.0,Outside LA (No Zoning),0.0,,
1929  Coban Road,1250000,42470.0,Outside LA (No Zoning),0.0,,
9620  Cedarbrook Drive,13950000,42399.0,RE15-1-H-HCR,15000.0,2.8266,4935258.0
681  Brooktree Road,14980000,42398.0,RE11-1,11000.0,3.854363636363636,3886504.0
19742  Cameron Avenue,1780000,42392.0,Outside LA (No Zoning),0.0,,
24410  Mulholland,3290000,42359.0,Outside LA (No Zoning),0.0,,
11531  Amanda Drive,7000000,42260.0,RE15-1-H,15000.0,2.8173333333333335,2484619.0
642  Perugia Way,35000000,42228.0,RE20-1-H-HCR,20000.0,2.1114,16576679.0
827  Hampton Road,5280000,42212.0,Outside LA (No Zoning),0.0,,
22760  Chamera Lane,1995000,42152.0,Outside LA (No Zoning),0.0,,
20607  Peaceful Woods,1818000,42134.0,Outside LA (No Zoning),0.0,,
7661  Curson Terrace,125000000,42079.0,RE15-1-H-HCR,15000.0,2.805266666666667,44559044.0
14558  Blue Sky Road,1299000,41902.0,Outside LA (No Zoning),0.0,,
2480  Ardsheal Drive,1498000,41662.0,Outside LA (No Zoning),0.0,,
22517  Lazy Meadow Drive,2499900,41659.0,Outside LA (No Zoning),0.0,,
8900  Evanview Drive,7495000,41465.0,RE11-1-HCR,11000.0,3.7695454545454545,1988303.0
335  Willow Avenue,1780000,41452.0,Outside LA (No Zoning),0.0,,
64  Laurel Drive,8800000,41384.0,Outside LA (No Zoning),0.0,,
20410 E Holt Avenue,1650000,41370.0,Outside LA (No Zoning),0.0,,
11215  Wilbur,1125000,41358.0,Outside LA (No Zoning),0.0,,
918  Dorothea Road,1185000,41175.0,Outside LA (No Zoning),0.0,,
356 N Meyer Lane,1599990,41151.0,Outside LA (No Zoning),0.0,,
15877  Beaver Run Road,1300000,41107.0,Outside LA (No Zoning),0.0,,
1748  Correa Way,13850000,41102.0,RE20-1-H,20000.0,2.0551,6739331.0
2699  Turnbull Canyon Road,1298888,41099.0,Outside LA (No Zoning),0.0,,
1680  Summitridge Drive,3989000,41053.0,RE40-1-H-HCR,40000.0,1.026325,3886683.0
105  Reposado Drive,1500000,40989.0,Outside LA (No Zoning),0.0,,
9696  Antelope Road,6495000,40982.0,RE40-1-H-HCR,40000.0,1.02455,6339369.0
1001 N Crescent Drive,22495000,40970.0,Outside LA (No Zoning),0.0,,
2041  Mandeville Canyon Road,19995000,40961.0,Outside LA (No Zoning),0.0,,
11982  Brentridge Lane,7950000,40888.0,RE40-1-H,40000.0,1.0222,7777343.0
1525  Bonnie Jean Lane,1848000,40844.0,Outside LA (No Zoning),0.0,,
4950  Vanalden Avenue,1495000,40836.0,RA-1,17500.0,2.333485714285714,640672.0
1504 N Kenter Avenue,25900000,40796.0,RE40-1-H,40000.0,1.0199,25394647.0
4851  Corbin Avenue,3995000,40748.0,RA-1,17500.0,2.328457142857143,1715728.0
2341  Zorada Court,6670000,40640.0,RE15-1-H-HCR,15000.0,2.7093333333333334,2461860.0
193 N CARMELINA Avenue,11995000,40510.0,RE20-1,20000.0,2.0255,5921995.0
10511  Mary Bell Avenue,3975000,40442.0,RE40-1-K,40000.0,1.01105,3931556.0
15857  Beaver Run Road,1325000,40352.0,Outside LA (No Zoning),0.0,,
9595  Lime Orchard Road,5900000,40347.0,RE20-1-HCR,20000.0,2.01735,2924629.0
3431  Huntington Drive,2395000,40262.0,Outside LA (No Zoning),0.0,,
991  Bel Air Road,5499000,40200.0,RE20-1-H-HCR,20000.0,2.01,2735821.0
563  Highland Drive,3672500,40116.0,Outside LA (No Zoning),0.0,,
1475  Bel Air Road,15999000,39991.0,RE40-1-H-HCR,40000.0,0.999775,16002601.0
3477  Lombardy Road,9300000,39952.0,Outside LA (No Zoning),0.0,,
101  Bel Air Road,15995000,39751.0,RE20-1-HCR,20000.0,1.98755,8047596.0
8433  Melvin Avenue,1995000,39611.0,RA-1,17500.0,2.2634857142857143,881384.0
229 E 220th Street,849900,39608.0,Outside LA (No Zoning),0.0,,
9430  Haskell,2200000,39597.0,RA-1,17500.0,2.2626857142857144,972296.0
2333 N Coronet Court,1999999,39584.0,Outside LA (No Zoning),0.0,,
4031  Deerhorn Drive,2650000,39510.0,RE15-1-H,15000.0,2.634,1006074.0
9330  Flicker Way,68000000,39397.0,RE11-1-HCR,11000.0,3.5815454545454544,18986217.0
1501  Via Coronel,4625000,39283.0,Outside LA (No Zoning),0.0,,
1041  Chantilly Road,3795000,39235.0,RE20-1-H-HCR,20000.0,1.96175,1934497.0
2188  Ponet Drive,21500000,39055.0,RE11-1D-HCR,11000.0,3.5504545454545453,6055563.0
935 W Foothill Boulevard,9800000,39031.0,Outside LA (No Zoning),0.0,,
1127 W Foothill Boulevard,2680000,39015.0,Outside LA (No Zoning),0.0,,
701  Nimes Road,39995000,38901.0,RE20-1-H-HCR,20000.0,1.94505,20562453.0
512 S Barranca Street,1799900,38887.0,Outside LA (No Zoning),0.0,,
560 N Tigertail Road,8995000,38825.0,RA-1,17500.0,2.2185714285714284,4054411.0
1111  Bel Air Place,9999999,38794.0,RE20-1-H-HCR,20000.0,1.9397,5155436.0
860  Old Topanga Canyon Road,1199000,38773.0,Outside LA (No Zoning),0.0,,
837  El Campo Drive,7580000,38500.0,Outside LA (No Zoning),0.0,,
2041  Ashbourne Drive,7350000,38456.0,Outside LA (No Zoning),0.0,,
20608  Shepherd Hills Drive,1890000,38353.0,Outside LA (No Zoning),0.0,,
2809  Oak Knoll Drive,4880000,38166.0,Outside LA (No Zoning),0.0,,
1985  Erin Way,2250000,38137.0,Outside LA (No Zoning),0.0,,
1726  Stone Canyon Road,4985000,38006.0,RE15-1-H-HCR,15000.0,2.533733333333333,1967453.0
927 E Avocado Crest Road,2888888,37984.0,Outside LA (No Zoning),0.0,,
22736  Cavalier Street,1495000,37962.0,RE15-1-H,15000.0,2.5308,590722.0
921  Chapea Road,6275000,37905.0,Outside LA (No Zoning),0.0,,
2831  Steeplechase Lane,2290000,37784.0,Outside LA (No Zoning),0.0,,
1580  San Remo Drive,16950000,37615.0,RE20-1-H,20000.0,1.88075,9012362.0
2002  LOMA VISTA Drive,24995000,37411.0,Outside LA (No Zoning),0.0,,
1160  Chantilly Road,8995000,37266.0,RE20-1-H-HCR,20000.0,1.8633,4827457.0
1362  Bella Oceana Vista,19995000,37133.0,RE40-1-H,40000.0,0.928325,21538793.0
27024  Sunnyridge Road,2669950,37117.0,Outside LA (No Zoning),0.0,,
204 E 121st Street,849999,37084.0,Outside LA (No Zoning),0.0,,
2070  Lilac Lane,1590000,36907.0,Outside LA (No Zoning),0.0,,
1255  Delresto Drive,15995000,36763.0,RE20-1-H-HCR,20000.0,1.83815,8701684.0
1905  Midlothian Drive,4995000,36340.0,Outside LA (No Zoning),0.0,,
114 N Bonnie Beach Place,1900000,36290.0,Outside LA (No Zoning),0.0,,
23130  Oxnard Street,3100000,36276.0,RA-1,17500.0,2.072914285714286,1495479.0
1575  Carla Ridge,8995000,36272.0,Outside LA (No Zoning),0.0,,
1012  Wallace,38000000,36255.0,Outside LA (No Zoning),0.0,,
9315  Woodman Avenue,725000,36169.0,Outside LA (No Zoning),0.0,,
570 S Beverly Glen Boulevard,7500000,36155.0,RE20-1,20000.0,1.80775,4148804.0
520  Stonewood Drive,38000000,36131.0,Outside LA (No Zoning),0.0,,
1744  Reedvale Lane,12490000,36122.0,RE15-1-H,15000.0,2.4081333333333332,5186590.0
32040  Cape Point Drive,23168000,36053.0,Outside LA (No Zoning),0.0,,
2207  Bowmont Drive,6250000,35896.0,RE15-1-H-HCR,15000.0,2.3930666666666665,2611712.0
510  Stonewood Drive,19950000,35889.0,Outside LA (No Zoning),0.0,,
30915  Oceangrove Drive,1999999,35862.0,Outside LA (No Zoning),0.0,,
4751  Westchester Drive,5290000,35782.0,RA-1,17500.0,2.0446857142857144,2587195.0
2563  Nichols Canyon Road,9995000,35682.0,RE11-1-HCR,11000.0,3.243818181818182,3081245.0
15901  High Knoll Road,3125000,35571.0,RE15-1-H,15000.0,2.3714,1317787.0
725 N Faring Road,22000000,35493.0,RE20-1-H-HCR,20000.0,1.77465,12396811.0
3201  Benedict Canyon Drive,999000,35395.0,RE40-1-H-HCR,40000.0,0.884875,1128973.0
2311  Alto Oak Drive,7800000,35309.0,Outside LA (No Zoning),0.0,,
10932  Savona Road,9795000,35297.0,RE15-1-H-HCR,15000.0,2.3531333333333335,4162535.0
2862  Oak Knoll Drive,3480000,35186.0,Outside LA (No Zoning),0.0,,
2729  Via Oleadas,18999000,35179.0,Outside LA (No Zoning),0.0,,
12047  Kagel Canyon Road,347580,35170.0,Outside LA (No Zoning),0.0,,
931  Sky Meadow Pl,1980000,34767.0,Outside LA (No Zoning),0.0,,
1871  Hill Drive,4382000,34660.0,R1-1-HCR,5000.0,6.932,632141.0
3155  Stone Oak Drive,6495000,34582.0,RE40-1-H,40000.0,0.86455,7512579.0
4639  BALBOA Avenue,8595000,34578.0,RA-1,17500.0,1.9758857142857142,4349948.0
20620  Chatsboro Drive,12750000,34503.0,RA-1,17500.0,1.9716,6466829.0
3761  Glenridge Drive,3388000,34393.0,RE40-1-H,40000.0,0.859825,3940337.0
8171  Tianna Road,4948000,34382.0,RE20-1-H-HCR,20000.0,1.7191,2878250.0
1625  Summitridge Drive,33500000,34368.0,RE20-1-H-HCR,20000.0,1.7184,19494879.0
28068  Santona Drive,2225000,34323.0,Outside LA (No Zoning),0.0,,
10810  Ambazac Way,13995000,34240.0,RE20-1-HCR,20000.0,1.712,8174650.0
14222  Filmore Street,559900,34202.0,Outside LA (No Zoning),0.0,,
1930  Laurel Canyon Boulevard,5495000,34061.0,R1-1-HCR,5000.0,6.8122,806641.0
1500  Gilcrest Drive,34995000,34021.0,RE15-1-HCR,15000.0,2.2680666666666665,15429441.0
2752  Stone View Court,2850000,33997.0,RE40-1-H-RPD-HCR,40000.0,0.849925,3353237.0
203 N Nicholson Avenue,889000,33952.0,Outside LA (No Zoning),0.0,,
2226  Cielo Place,3520000,33859.0,Outside LA (No Zoning),0.0,,
1950 N Bloom Drive Drive,739000,33835.78,Outside LA (No Zoning),0.0,,
16799  Monte Hermoso Drive,4895000,33834.0,RE15-1-H,15000.0,2.2556,2170154.0
1  Thyme,1425000,33742.0,Outside LA (No Zoning),0.0,,
610 N Beverly Drive,19880000,33730.0,Outside LA (No Zoning),0.0,,
11540  187th Street,3299000,33671.0,Outside LA (No Zoning),0.0,,
3911  Cody Road,6995000,33643.0,RE40-1-H,40000.0,0.841075,8316738.0
2832  Oak Knoll Drive,2828000,33606.0,Outside LA (No Zoning),0.0,,
197 N Nicholson Avenue,817500,33592.0,Outside LA (No Zoning),0.0,,
13170  Mulholland Drive,4190000,33471.0,RE40-1-H-HCR,40000.0,0.836775,5007320.0
10950  Bellagio Road,17998000,33455.0,RE20-1-H-HCR,20000.0,1.67275,10759528.0
1330  Waterbrook Circle,2280000,33325.0,Outside LA (No Zoning),0.0,,
620 S Allen Avenue,7288000,33293.0,Outside LA (No Zoning),0.0,,
1345  Casiano Road,4795000,33289.0,RE20-1-H-HCR,20000.0,1.66445,2880832.0
7840  Torreyson Drive,6995000,33165.0,RE40-1-H-HCR,40000.0,0.829125,8436605.0
1046 N Hillcrest Road,7750000,33100.0,Outside LA (No Zoning),0.0,,
7645  Wilbur Avenue,2495000,33046.0,RA-1,17500.0,1.888342857142857,1321264.0
1181  Somera Road,3799000,32998.0,RE20-1-H-HCR,20000.0,1.6499,2302564.0
2330  Crystal Lane,4580000,32963.0,Outside LA (No Zoning),0.0,,
13164  Boca De Canon Lane,17995000,32889.0,RE40-1-H,40000.0,0.822225,21885737.0
563  Canon View Trail,1649000,32879.0,Outside LA (No Zoning),0.0,,
10655  Camarillo Street,4999500,32842.0,R2-1,5000.0,6.5684,761144.0
13167  Boca De Canon Lane,16995000,32823.0,RE40-1-H,40000.0,0.820575,20711087.0
16820  Oak View Drive,4995000,32760.0,RE15-1-H,15000.0,2.184,2287088.0
6352 N Muscatel,2800000,32631.0,Outside LA (No Zoning),0.0,,
2120  Linda Flora Drive,4475000,32558.0,RE15-1-H-HCR,15000.0,2.170533333333333,2061705.0
13320  Mulholland Drive,16900000,32280.0,RE40-1-H-HCR,40000.0,0.807,20941760.0
52  Hidden Valley Road,2100000,32195.0,Outside LA (No Zoning),0.0,,
2110  Hill Drive,6750000,32175.0,R1-1,5000.0,6.435,1048951.0
334 N Carmelina Avenue,11999000,32131.0,RE20-1,20000.0,1.60655,7468800.0
57  Via Del Cielo,19384618,32105.0,Outside LA (No Zoning),0.0,,
1022  Summit Drive,12500000,32080.0,Outside LA (No Zoning),0.0,,
81  Hacienda,8670000,32068.0,Outside LA (No Zoning),0.0,,
1821  Old Ranch Road,5495000,32041.0,RE40-1-H,40000.0,0.801025,6859961.0
677  Nimes Road,39950000,32020.0,RE20-1-H-HCR,20000.0,1.601,24953154.0
401  Estralita,1499900,31980.0,Outside LA (No Zoning),0.0,,
3035  Lake Glen Drive,7295000,31927.0,RE15-1-H-HCR,15000.0,2.1284666666666667,3427350.0
2443  Cameron Avenue,1075000,31781.0,Outside LA (No Zoning),0.0,,
1204  Chickory Lane,38000000,31711.0,RE15-1-H,15000.0,2.1140666666666665,17974835.0
4509  Noeline Avenue,9250000,31688.0,RE15-1-H,15000.0,2.1125333333333334,4378629.0
9816  Burnet,1695000,31619.0,RA-1,17500.0,1.8068,938123.0
1030  Somera Road,13999000,31575.0,RE20-1-H-HCR,20000.0,1.57875,8867142.0
3681  Alomar Drive,5999000,31476.0,RE15-1-H,15000.0,2.0984,2858845.0
19554  Wells Drive,3750000,31437.0,RA-1,17500.0,1.7964,2087508.0
900 W Roses Road,3200000,31388.0,Outside LA (No Zoning),0.0,,
5515  Palm Drive,1470000,31366.0,Outside LA (No Zoning),0.0,,
19333  Wells Drive,3895000,31363.0,RA-1,17500.0,1.7921714285714285,2173341.0
2447  Stonyvale Road,1084000,31317.0,Outside LA (No Zoning),0.0,,
17923  Lone Oak Drive,1295678,31285.0,A1-1-O-K,5000.0,6.257,207077.0
1833  Roscomare Road,3790000,31241.0,RE15-1-H-HCR,15000.0,2.0827333333333335,1819724.0
212 W Las Flores Avenue,3080000,31228.0,Outside LA (No Zoning),0.0,,
422  Parkwood Drive,19995000,31215.0,RE40-1-HCR,40000.0,0.780375,25622297.0
21315  Community Street,1459000,31209.0,RA-1,17500.0,1.7833714285714286,818113.0
4645  Ledge Avenue,3795000,31171.0,RE9-1,9000.0,3.4634444444444443,1095730.0
685  Elkins Road,10350000,31163.0,RE15-1-H,15000.0,2.0775333333333332,4981870.0
1897  Braemar Road,2980000,31050.0,Outside LA (No Zoning),0.0,,
10820  Ambazac Way,13995000,30961.0,RE20-1-HCR,20000.0,1.54805,9040406.0
700  Norumbega Drive,1374900,30928.0,Outside LA (No Zoning),0.0,,
1138  Valencia Avenue,1899000,30879.0,Outside LA (No Zoning),0.0,,
1799  Correa Way,8980000,30833.0,RE20-1-H,20000.0,1.54165,5824928.0
4644  Hillard Avenue,2095000,30809.0,Outside LA (No Zoning),0.0,,
7305  Pyramid Place,17888000,30799.0,R1-1,5000.0,6.1598,2903990.0
1601  Stone Canyon Road,2995000,30784.0,RE40-1-H-HCR,40000.0,0.7696,3891632.0
215 E Sierra Madre Avenue,1799900,30748.0,Outside LA (No Zoning),0.0,,
9520  Hidden Valley Road,18995000,30723.0,RE20-1-HCR,20000.0,1.53615,12365329.0
9520  Hidden Valley Road,19945000,30723.0,RE20-1-HCR,20000.0,1.53615,12983758.0
620  Arkell Drive,100000000,30642.0,Outside LA (No Zoning),0.0,,
6344  Orange Avenue,3200000,30618.0,Outside LA (No Zoning),0.0,,
775  Linda Vista Avenue,3228000,30616.0,Outside LA (No Zoning),0.0,,
4854  Nomad Drive,3499999,30606.0,RA-1,17500.0,1.7489142857142856,2001241.0
2534  Benedict Canyon Drive,1999995,30462.0,RE20-1-H-HCR,20000.0,1.5231,1313108.0
909  Coral Way,5498000,30446.0,Outside LA (No Zoning),0.0,,
5435  Donna Avenue,6280000,30386.0,RA-1,17500.0,1.7363428571428572,3616797.0
37  Moccasin Lane,2849000,30374.0,Outside LA (No Zoning),0.0,,
1119  Schuyler Road,12800000,30308.0,Outside LA (No Zoning),0.0,,
1405  Rancho Road,3400000,30300.0,Outside LA (No Zoning),0.0,,
350  Mount Carmel Dr,2450000,30265.0,Outside LA (No Zoning),0.0,,
1091  Laurel Way,25999000,30260.0,Outside LA (No Zoning),0.0,,
211 S Muirfield Road,19995000,30233.0,RE11-1-HPOZ,11000.0,2.7484545454545453,7274998.0
615 N Faring Road,34950000,30169.0,RE20-1-HCR,20000.0,1.50845,23169479.0
1499  Caballero Road,4988000,30128.0,Outside LA (No Zoning),0.0,,
20619  shepherd hills,1880000,0.69,Outside LA (No Zoning),0.0,,
16144  HIGH VALLEY Place,9999999,30034.0,RE15-1-H,15000.0,2.002266666666667,4994339.0
20608  Chatsboro Drive,6995000,30028.0,RA-1,17500.0,1.7158857142857142,4076612.0
3396  Stone Ridge Lane,24000000,30016.0,RE15-1-H,15000.0,2.0010666666666665,11993603.0
13487  Trego Place,1090000,29985.0,RE15-1-H,15000.0,1.999,545273.0
1533  Via Lopez,9488000,29975.0,Outside LA (No Zoning),0.0,,
12745  Hanover Street,38000000,29872.0,RE20-1,20000.0,1.4936,25441885.0
6  Toprail Lane,3200000,29821.0,Outside LA (No Zoning),0.0,,
2256  Nichols Canyon Road,4650000,29810.0,RE15-1-H-HCR,15000.0,1.9873333333333334,2339819.0
1531  Rodeo Road,4560000,29798.0,Outside LA (No Zoning),0.0,,
1539  Rodeo Road,7800000,29712.0,Outside LA (No Zoning),0.0,,
16232  California Avenue,1319000,29700.0,Outside LA (No Zoning),0.0,,
4653  Vanalden Avenue,7377777,29620.0,RA-1,17500.0,1.6925714285714286,4358916.0
565  Evelyn Place,28500000,29593.0,Outside LA (No Zoning),0.0,,
804 N Elm Drive,36500000,29589.0,Outside LA (No Zoning),0.0,,
1830  Old Orchard Road,6795000,29504.0,RE15-1-H,15000.0,1.9669333333333334,3454616.0
4509  Dundee Drive,7099000,29431.0,RE11-1,11000.0,2.6755454545454547,2653291.0
214 W Le Roy Avenue,2188000,29401.0,Outside LA (No Zoning),0.0,,
11  Lilac Lane,699000,29395.0,Outside LA (No Zoning),0.0,,
1301  Rubio Street,5750000,29258.0,Outside LA (No Zoning),0.0,,
5417  Encino Avenue,2599000,29220.0,RA-1,17500.0,1.6697142857142857,1556554.0
2378  Morslay Road,1368000,29208.0,Outside LA (No Zoning),0.0,,
4650  Canoga Avenue,2550000,29146.0,RE20-1,20000.0,1.4573,1749811.0
1886  San Pasqual Street,4800000,29112.0,Outside LA (No Zoning),0.0,,
4437  Balboa,4498000,29052.0,RA-1,17500.0,1.6601142857142857,2709452.0
13845  Magnolia Boulevard,4499000,29012.0,RA-1,17500.0,1.6578285714285714,2713791.0
10685  Somma Way,6950000,29007.0,RE40-1-H-HCR,40000.0,0.725175,9583894.0
9153  Janice Place,11495000,28965.0,RE15-1-H-HCR,15000.0,1.931,5952874.0
13807  Magnolia Boulevard,6799000,28919.0,RA-1,17500.0,1.6525142857142858,4114337.0
27610  Eastvale Road,3350000,28907.0,Outside LA (No Zoning),0.0,,
18109  Graystone Way,1298000,28858.0,Outside LA (No Zoning),0.0,,
2651  Palomino Drive,2392000,28852.0,Outside LA (No Zoning),0.0,,
1457  Blue Jay Way,15995000,28807.0,RE15-1-H-HCR,15000.0,1.9204666666666668,8328705.0
718 N Palm Drive,18650000,28783.0,Outside LA (No Zoning),0.0,,
3860  Sunswept Drive,6195000,28766.0,R1-1,5000.0,5.7532,1076792.0
9259  Robin Drive,35995000,28694.0,RE15-1-H-HCR,15000.0,1.9129333333333334,18816652.0
1924 E Rancho Culebra Drive,1389000,28563.0,Outside LA (No Zoning),0.0,,
8741  St Ives Drive,34800000,28524.0,R1-1-HCR,5000.0,5.7048,6100126.0
721 N Bonhill Road,41750000,28426.0,RA-1,17500.0,1.624342857142857,25702702.0
2028  Stradella Road,5395000,28370.0,RE15-1-H-HCR,15000.0,1.8913333333333333,2852485.0
616  Perugia Way,13995000,28350.0,RE20-1-H-HCR,20000.0,1.4175,9873016.0
13157  Chandler Boulevard,5400000,28337.0,RE11-1,11000.0,2.576090909090909,2096199.0
8568  Burton Way,1400000,28335.0,Outside LA (No Zoning),0.0,,
20218  San Gabriel Valley Dr.,1060000,28326.0,Outside LA (No Zoning),0.0,,
1387  Casiano,1999999,0.65,RE20-1-H-HCR,20000.0,3.2500000000000004e-05,61538430769.0
2179  Mandeville Canyon Road,9450000,28314.0,RE40-1-H,40000.0,0.70785,13350286.0
1278  Inspiration,2580000,28237.0,Outside LA (No Zoning),0.0,,
591  Devonwood,1748000,28194.0,Outside LA (No Zoning),0.0,,
1238  Fernwood Pacific Drive,2295000,28133.0,Outside LA (No Zoning),0.0,,
930  Fallen Leaf Road,9600000,28014.0,Outside LA (No Zoning),0.0,,
9301  Cherokee Lane,11995000,27995.0,RE15-1-H-HCR,15000.0,1.8663333333333334,6427041.0
3646  Sunswept Drive,3495000,27949.0,RE15-1-H,15000.0,1.8632666666666666,1875738.0
524 S Rancho Simi Drive,1459000,27925.0,Outside LA (No Zoning),0.0,,
15009  Los Lotes Avenue,2290000,27922.0,Outside LA (No Zoning),0.0,,
1601  Casale Road,49950000,27888.0,Outside LA (No Zoning),0.0,,
4072  Alonzo Avenue,5850000,27880.0,RA-1,17500.0,1.5931428571428572,3671987.0
2935  Vista del Mar,13999999,27878.0,Outside LA (No Zoning),0.0,,
2220  Banyan Drive,6250000,27835.0,RE15-1-H,15000.0,1.8556666666666666,3368062.0
2718  Claray Drive,2895000,27827.0,RE15-1-H-RPD-HCR,15000.0,1.8551333333333333,1560535.0
20711  Collins Street,990000,27823.0,RS-1,7500.0,3.7097333333333333,266866.0
1408  Calle Del Jonella,3495000,27778.0,RE20-1-H,20000.0,1.3889,2516380.0
2111  Rimcrest Drive,4495000,27754.0,Outside LA (No Zoning),0.0,,
324 E Plymouth Street,600000,27748.0,Outside LA (No Zoning),0.0,,
3210  Coldwater Canyon Lane,4550000,27746.0,RE40-1-H,40000.0,0.69365,6559504.0
1256 N Topanga Canyon Boulevard,1768000,27741.0,Outside LA (No Zoning),0.0,,
17832  Little Tujunga Canyon Road,899900,27717.0,Outside LA (No Zoning),0.0,,
9926  Beverly Grove Drive,7995000,27670.0,RE20-1-H-HCR,20000.0,1.3835,5778822.0
15744  Beaver Run Road,1575000,27636.0,Outside LA (No Zoning),0.0,,
16875  Calle De Sarah,7495000,27609.0,RE15-1-H,15000.0,1.8406,4072042.0
65  Woodland Lane,7200000,27545.0,Outside LA (No Zoning),0.0,,
5904  Village Drive,4999000,27537.0,Outside LA (No Zoning),0.0,,
20033 E Skyline Dr,2680000,27530.0,Outside LA (No Zoning),0.0,,
1639  Mandeville Canyon Road,9800000,27443.0,RE20-1-H,20000.0,1.37215,7142076.0
12417  Mulholland Drive,3450000,27443.0,RE40-1-H,40000.0,0.686075,5028605.0
9442  Hillrose,775000,0.63,RE40-1-K,40000.0,1.575e-05,49206349206.0
24409  Voltara Court,2849000,27336.0,Outside LA (No Zoning),0.0,,
1501 S Alpine Drive,1886600,27315.0,Outside LA (No Zoning),0.0,,
3123  Stone Oak Drive,6999000,27276.0,RE40-1-H,40000.0,0.6819,10263968.0
4950  Woodley Avenue,3474500,27262.0,RE9-1,9000.0,3.0291111111111113,1147036.0
16326  Nordhoff Street,2500000,27230.0,A2-1,5000.0,5.446,459053.0
1870  Marcheeta Place,3850000,27225.0,RE15-1-H-HCR,15000.0,1.815,2121212.0
4430  Natoma Avenue,2399000,27206.0,RA-1,17500.0,1.5546285714285715,1543134.0
4923  Amigo Avenue,4800000,27198.0,RA-1,17500.0,1.5541714285714285,3088462.0
1754  Mandeville Canyon Road,7195000,27138.0,RE15-1-H,15000.0,1.8092,3976896.0
4641 N Virginia Road,3999999,27052.0,Outside LA (No Zoning),0.0,,
19631  Rosita Street,1825000,26934.0,RA-1,17500.0,1.5390857142857144,1185769.0
3520  Longridge Avenue,1799000,26929.0,RE15-1-H,15000.0,1.7952666666666666,1002080.0
3375  Coldwater Canyon Avenue,1995000,26910.0,RE40-1-H,40000.0,0.67275,2965440.0
10386  Strathmore Drive,21995000,26848.0,R1-1,5000.0,5.3696,4096208.0
1883  Rising Glen Road,10800000,26838.0,RE15-1-H-HCR,15000.0,1.7892,6036217.0
1425  Wentworth Avenue,4998000,26810.0,Outside LA (No Zoning),0.0,,
24603  Westwind Place,995000,26789.0,Outside LA (No Zoning),0.0,,
28056  Palos Verdes Dr E,3350000,26784.0,Outside LA (No Zoning),0.0,,
1911  La Mesa Drive,15995000,26762.0,Outside LA (No Zoning),0.0,,
601 S Windsor Boulevard,13900000,26757.0,RE15-1-HPOZ,15000.0,1.7838,7792353.0
826  Greenway Drive,42000000,26743.0,Outside LA (No Zoning),0.0,,
1326  Beverly Estates Drive,12995000,26712.0,RE20-1-H-HCR,20000.0,1.3356,9729709.0
602 N Beverly Drive,14595000,26647.0,Outside LA (No Zoning),0.0,,
1061  Loma Vista Drive,19995000,26646.0,Outside LA (No Zoning),0.0,,
27846  Palos Verdes Drive,2199000,26646.0,Outside LA (No Zoning),0.0,,
27138  Diamondhead Lane,2199000,26631.0,Outside LA (No Zoning),0.0,,
433  Paseo De La Playa,22500000,26587.0,Outside LA (No Zoning),0.0,,
419  St Cloud Road,39500000,26992.0,RE20-1-H-HCR,20000.0,1.3496,29267931.0
22329  Plummer Street,2150000,0.61,RA-1,17500.0,3.485714285714286e-05,61680327869.0
3760  Mayfair,3240000,26457.0,RE20-1-HCR,20000.0,1.32285,2449257.0
811 N Hillcrest Road,9995000,26436.0,Outside LA (No Zoning),0.0,,
164 N Bristol Avenue,27500000,26416.0,RE20-1,20000.0,1.3208,20820715.0
22851  Calvert Street,3750000,26382.0,RA-1,17500.0,1.507542857142857,2487491.0
20487  Gartel Drive,3780000,26358.0,Outside LA (No Zoning),0.0,,
1280  Monte Cielo Drive,6395000,26287.0,Outside LA (No Zoning),0.0,,
36  Pony Lane,2749000,26273.0,Outside LA (No Zoning),0.0,,
15401  Saticoy Street,1650000,26231.0,Outside LA (No Zoning),0.0,,
5107  Los Hermosos Way,8895000,26224.0,RE11-1,11000.0,2.384,3731124.0
1118 S 4th Avenue,5200000,26149.0,Outside LA (No Zoning),0.0,,
20  Latimer Road,8250000,26145.0,RE11-1,11000.0,2.376818181818182,3471027.0
608  Arbolada,5080000,0.6,Outside LA (No Zoning),0.0,,
4425  Haskell Avenue,18000000,26105.0,R1-1,5000.0,5.221,3447615.0
5354  Vanalden Avenue,6400000,26054.0,RA-1,17500.0,1.4888,4298764.0
3831  Saint Johnswood Drive,1790000,26053.0,Outside LA (No Zoning),0.0,,
10560  Dolcedo Way,5900000,25966.0,RE20-1-H-HCR,20000.0,1.2983,4544404.0
4009  Valley Meadow Road,12450000,25934.0,RE15-1-H,15000.0,1.7289333333333334,7200972.0
3596  Woodhill Canyon Road,6995000,25919.0,RE15-1-H,15000.0,1.7279333333333333,4048189.0
645 W Foothill Boulevard,2500000,25894.0,Outside LA (No Zoning),0.0,,
915  Hartford Way,17495000,25863.0,Outside LA (No Zoning),0.0,,
3825  Longridge Avenue,10900000,25842.0,RE15-1-H,15000.0,1.7228,6326910.0
15091  Rayneta Drive,3875000,25840.0,R1-1,5000.0,5.168,749807.0
184 S Rockingham Avenue,14995000,25832.0,RE20-1,20000.0,1.2916,11609631.0
22910  Collins Street,3095000,25760.0,RE9-1,9000.0,2.862222222222222,1081328.0
1455  Robmar Drive,8500000,25739.0,RE15-1-H-HCR,15000.0,1.7159333333333333,4953572.0
530  Leslie Lane,24000000,25703.0,Outside LA (No Zoning),0.0,,
2969 E Hillside Drive,1628000,0.59,Outside LA (No Zoning),0.0,,
1296  Marinette,3249000,25698.0,RE15-1-H,15000.0,1.7132,1896451.0
3933  Mandeville Canyon Road,2100000,25681.0,RE15-1-H,15000.0,1.7120666666666666,1226588.0
22442  Sueno Road,3200000,25671.0,RE40-1,40000.0,0.641775,4986171.0
1760  Carla,13500000,25642.0,Outside LA (No Zoning),0.0,,
22368  Pacific Coast Highway,57500000,25608.0,Outside LA (No Zoning),0.0,,
1450  1450 Arroyo View Drive,3395000,25590.0,Outside LA (No Zoning),0.0,,
18053  Blue Sail Drive,3350000,25574.0,RE15-1-H,15000.0,1.7049333333333334,1964886.0
2521  Doubletree,1988000,25524.0,Outside LA (No Zoning),0.0,,
7651  Willow Glen Road,6299000,25504.0,RE11-1-HCR,11000.0,2.3185454545454545,2716790.0
11222  Bellagio Road,5195000,25475.0,RE20-1-H-HCR,20000.0,1.27375,4078508.0
2528  Sleepy Hollow Drive,2350000,25424.0,Outside LA (No Zoning),0.0,,
7  Cinnamon Lane,1450000,25314.0,Outside LA (No Zoning),0.0,,
250 S Rockingham Avenue,41950000,25303.0,Outside LA (No Zoning),0.0,,
1132  Chantilly Road,2999000,25299.0,RE20-1-H-HCR,20000.0,1.26495,2370845.0
1132  Chantilly Road,3195000,25299.0,RE20-1-H-HCR,20000.0,1.26495,2525792.0
852 W Beach Avenue,480000,25282.0,Outside LA (No Zoning),0.0,,
13360  Chalon Road,6850000,25260.0,RE40-1-H,40000.0,0.6315,10847189.0
338 S 4th Avenue,999989,25252.0,Outside LA (No Zoning),0.0,,
9705  Oak Pass Road,19995000,25234.0,RE20-1-H-HCR,20000.0,1.2617,15847666.0
940  Singing Wood Drive,4838000,25218.0,Outside LA (No Zoning),0.0,,
605  Daniel Freeman Circle,1199000,25214.0,Outside LA (No Zoning),0.0,,
245  Snapdragon Lane,2488888,25170.0,Outside LA (No Zoning),0.0,,
6210  Penfield Avenue,2295000,25163.0,RA-1VL,17500.0,1.4378857142857142,1596093.0
1705  Summitridge Drive,7495000,25155.0,RE20-1-H-HCR,20000.0,1.25775,5959054.0
1535  Umeo Road,13799000,25142.0,RE15-1-H,15000.0,1.6761333333333333,8232639.0
927 N Whittier Drive,37500000,25121.0,Outside LA (No Zoning),0.0,,
1675  Carla,29950000,25099.0,Outside LA (No Zoning),0.0,,
2504  Martingail Drive,1688888,25038.0,Outside LA (No Zoning),0.0,,
